plaintext,distinct_ciphertexts,collision_groups,singleton_groups,max_keys_per_ciphertext,colliding_key_pairs
00000000,240,224,16,12,2296
00000001,238,222,16,12,2312
00000010,239,223,16,10,2192
00000011,239,223,16,12,2240
00000100,239,223,16,10,2280
00000101,239,223,16,12,2328
00000110,240,224,16,12,2208
00000111,238,222,16,12,2224
00001000,240,224,16,12,2296
00001001,238,222,16,12,2312
00001010,239,223,16,10,2192
00001011,239,223,16,12,2240
00001100,239,223,16,10,2280
00001101,239,223,16,12,2328
00001110,240,224,16,12,2208
00001111,238,222,16,12,2224
00010000,240,224,16,12,2296
00010001,238,222,16,12,2312
00010010,239,223,16,10,2192
00010011,239,223,16,12,2240
00010100,239,223,16,10,2280
00010101,239,223,16,12,2328
00010110,240,224,16,12,2208
00010111,238,222,16,12,2224
00011000,240,224,16,12,2296
00011001,238,222,16,12,2312
00011010,239,223,16,10,2192
00011011,239,223,16,12,2240
00011100,239,223,16,10,2280
00011101,239,223,16,12,2328
00011110,240,224,16,12,2208
00011111,238,222,16,12,2224
00100000,240,224,16,12,2296
00100001,238,222,16,12,2312
00100010,239,223,16,10,2192
00100011,239,223,16,12,2240
00100100,239,223,16,10,2280
00100101,239,223,16,12,2328
00100110,240,224,16,12,2208
00100111,238,222,16,12,2224
00101000,240,224,16,12,2296
00101001,238,222,16,12,2312
00101010,239,223,16,10,2192
00101011,239,223,16,12,2240
00101100,239,223,16,10,2280
00101101,239,223,16,12,2328
00101110,240,224,16,12,2208
00101111,238,222,16,12,2224
00110000,240,224,16,12,2296
00110001,238,222,16,12,2312
00110010,239,223,16,10,2192
00110011,239,223,16,12,2240
00110100,239,223,16,10,2280
00110101,239,223,16,12,2328
00110110,240,224,16,12,2208
00110111,238,222,16,12,2224
00111000,240,224,16,12,2296
00111001,238,222,16,12,2312
00111010,239,223,16,10,2192
00111011,239,223,16,12,2240
00111100,239,223,16,10,2280
00111101,239,223,16,12,2328
00111110,240,224,16,12,2208
00111111,238,222,16,12,2224
01000000,240,224,16,12,2208
01000001,238,222,16,12,2224
01000010,239,223,16,10,2280
01000011,239,223,16,12,2328
01000100,239,223,16,10,2192
01000101,239,223,16,12,2240
01000110,240,224,16,12,2296
01000111,238,222,16,12,2312
01001000,240,224,16,12,2208
01001001,238,222,16,12,2224
01001010,239,223,16,10,2280
01001011,239,223,16,12,2328
01001100,239,223,16,10,2192
01001101,239,223,16,12,2240
01001110,240,224,16,12,2296
01001111,238,222,16,12,2312
01010000,240,224,16,12,2208
01010001,238,222,16,12,2224
01010010,239,223,16,10,2280
01010011,239,223,16,12,2328
01010100,239,223,16,10,2192
01010101,239,223,16,12,2240
01010110,240,224,16,12,2296
01010111,238,222,16,12,2312
01011000,240,224,16,12,2208
01011001,238,222,16,12,2224
01011010,239,223,16,10,2280
01011011,239,223,16,12,2328
01011100,239,223,16,10,2192
01011101,239,223,16,12,2240
01011110,240,224,16,12,2296
01011111,238,222,16,12,2312
01100000,240,224,16,12,2208
01100001,238,222,16,12,2224
01100010,239,223,16,10,2280
01100011,239,223,16,12,2328
01100100,239,223,16,10,2192
01100101,239,223,16,12,2240
01100110,240,224,16,12,2296
01100111,238,222,16,12,2312
01101000,240,224,16,12,2208
01101001,238,222,16,12,2224
01101010,239,223,16,10,2280
01101011,239,223,16,12,2328
01101100,239,223,16,10,2192
01101101,239,223,16,12,2240
01101110,240,224,16,12,2296
01101111,238,222,16,12,2312
01110000,240,224,16,12,2208
01110001,238,222,16,12,2224
01110010,239,223,16,10,2280
01110011,239,223,16,12,2328
01110100,239,223,16,10,2192
01110101,239,223,16,12,2240
01110110,240,224,16,12,2296
01110111,238,222,16,12,2312
01111000,240,224,16,12,2208
01111001,238,222,16,12,2224
01111010,239,223,16,10,2280
01111011,239,223,16,12,2328
01111100,239,223,16,10,2192
01111101,239,223,16,12,2240
01111110,240,224,16,12,2296
01111111,238,222,16,12,2312
10000000,238,222,16,12,2312
10000001,240,224,16,12,2296
10000010,239,223,16,12,2240
10000011,239,223,16,10,2192
10000100,239,223,16,12,2328
10000101,239,223,16,10,2280
10000110,238,222,16,12,2224
10000111,240,224,16,12,2208
10001000,238,222,16,12,2312
10001001,240,224,16,12,2296
10001010,239,223,16,12,2240
10001011,239,223,16,10,2192
10001100,239,223,16,12,2328
10001101,239,223,16,10,2280
10001110,238,222,16,12,2224
10001111,240,224,16,12,2208
10010000,238,222,16,12,2312
10010001,240,224,16,12,2296
10010010,239,223,16,12,2240
10010011,239,223,16,10,2192
10010100,239,223,16,12,2328
10010101,239,223,16,10,2280
10010110,238,222,16,12,2224
10010111,240,224,16,12,2208
10011000,238,222,16,12,2312
10011001,240,224,16,12,2296
10011010,239,223,16,12,2240
10011011,239,223,16,10,2192
10011100,239,223,16,12,2328
10011101,239,223,16,10,2280
10011110,238,222,16,12,2224
10011111,240,224,16,12,2208
10100000,238,222,16,12,2312
10100001,240,224,16,12,2296
10100010,239,223,16,12,2240
10100011,239,223,16,10,2192
10100100,239,223,16,12,2328
10100101,239,223,16,10,2280
10100110,238,222,16,12,2224
10100111,240,224,16,12,2208
10101000,238,222,16,12,2312
10101001,240,224,16,12,2296
10101010,239,223,16,12,2240
10101011,239,223,16,10,2192
10101100,239,223,16,12,2328
10101101,239,223,16,10,2280
10101110,238,222,16,12,2224
10101111,240,224,16,12,2208
10110000,238,222,16,12,2312
10110001,240,224,16,12,2296
10110010,239,223,16,12,2240
10110011,239,223,16,10,2192
10110100,239,223,16,12,2328
10110101,239,223,16,10,2280
10110110,238,222,16,12,2224
10110111,240,224,16,12,2208
10111000,238,222,16,12,2312
10111001,240,224,16,12,2296
10111010,239,223,16,12,2240
10111011,239,223,16,10,2192
10111100,239,223,16,12,2328
10111101,239,223,16,10,2280
10111110,238,222,16,12,2224
10111111,240,224,16,12,2208
11000000,238,222,16,12,2224
11000001,240,224,16,12,2208
11000010,239,223,16,12,2328
11000011,239,223,16,10,2280
11000100,239,223,16,12,2240
11000101,239,223,16,10,2192
11000110,238,222,16,12,2312
11000111,240,224,16,12,2296
11001000,238,222,16,12,2224
11001001,240,224,16,12,2208
11001010,239,223,16,12,2328
11001011,239,223,16,10,2280
11001100,239,223,16,12,2240
11001101,239,223,16,10,2192
11001110,238,222,16,12,2312
11001111,240,224,16,12,2296
11010000,238,222,16,12,2224
11010001,240,224,16,12,2208
11010010,239,223,16,12,2328
11010011,239,223,16,10,2280
11010100,239,223,16,12,2240
11010101,239,223,16,10,2192
11010110,238,222,16,12,2312
11010111,240,224,16,12,2296
11011000,238,222,16,12,2224
11011001,240,224,16,12,2208
11011010,239,223,16,12,2328
11011011,239,223,16,10,2280
11011100,239,223,16,12,2240
11011101,239,223,16,10,2192
11011110,238,222,16,12,2312
11011111,240,224,16,12,2296
11100000,238,222,16,12,2224
11100001,240,224,16,12,2208
11100010,239,223,16,12,2328
11100011,239,223,16,10,2280
11100100,239,223,16,12,2240
11100101,239,223,16,10,2192
11100110,238,222,16,12,2312
11100111,240,224,16,12,2296
11101000,238,222,16,12,2224
11101001,240,224,16,12,2208
11101010,239,223,16,12,2328
11101011,239,223,16,10,2280
11101100,239,223,16,12,2240
11101101,239,223,16,10,2192
11101110,238,222,16,12,2312
11101111,240,224,16,12,2296
11110000,238,222,16,12,2224
11110001,240,224,16,12,2208
11110010,239,223,16,12,2328
11110011,239,223,16,10,2280
11110100,239,223,16,12,2240
11110101,239,223,16,10,2192
11110110,238,222,16,12,2312
11110111,240,224,16,12,2296
11111000,238,222,16,12,2224
11111001,240,224,16,12,2208
11111010,239,223,16,12,2328
11111011,239,223,16,10,2280
11111100,239,223,16,12,2240
11111101,239,223,16,10,2192
11111110,238,222,16,12,2312
11111111,240,224,16,12,2296
