key,plaintext,ciphertext
0000000000,00000000,11110000
0000000000,00000001,10001001
0000000000,01000001,00011101
0000000000,01010101,11111011
0000000000,10101010,00010001
0000000000,11010111,10000100
0000000000,11111111,00010100
0000000001,00000000,10110101
0000000001,00000001,01100100
0000000001,01000001,11010100
0000000001,01010101,00010010
0000000001,10101010,01110000
0000000001,11010111,01001101
0000000001,11111111,11111001
0101010101,00000000,00010111
0101010101,00000001,00001111
0101010101,01000001,11111011
0101010101,01010101,01110000
0101010101,10101010,00001110
0101010101,11010111,10010101
0101010101,11111111,00000101
1010000010,00000000,01101010
1010000010,00000001,01000101
1010000010,01000001,10010001
1010000010,01010101,00000101
1010000010,10101010,00001001
1010000010,11010111,11101000
1010000010,11111111,10001110
1111111111,00000000,11101011
1111111111,00000001,10100000
1111111111,01000001,01110100
1111111111,01010101,11101110
1111111111,10101010,00000100
1111111111,11010111,10101001
1111111111,11111111,00001111
